,submarca,ale,alto,amargor,amendoim,ano,aromar,açúcar,açúcar lúpulo,brahma,brasil,brasileiro,característico,castanho,cerveja,cervejar,cervejar levar,cevar,cevar açúcar,cevar glúten,cevar lúpulo,claro,clássico,colorado,coloração,combinar,cor,cremoso,criar,cítrico,dourar,encorpar,equilibrar,escuro,especial,espumar,estilar,extrato,feito,fermentar,fermentação,frutar,fruto,fruto mar,glúten,glúten ºc,harmoniza,harmonizar,hoje,ingrediente,lager,laranjo,levar,levar refrescante,leve,levedura,levemente,lúpulo,lúpulo cevar,lúpulo levedura,lúpulo ºc,maltar,maltar cevar,maltar lúpulo,maltar milho,maltar trigar,malte,mar,marcante,marcar,milho,milho lúpulo,mundo,nome,noto,pale,passar,peixe,petisco,pilsen,prato,presentar,produzir,puro,puro maltar,qualidade,queijo,receitar,refrescante,refrescância,resultar,sabor,salada,suave,tradicional,trazer,trigar,ºc,água,água maltar,único
0,ADRIATICA,0.0,0.2842809502393475,0.0,0.0,0.0,0.1708640257016834,0.0,0.0,0.0,0.0,0.0,0.0,0.0,0.19777522475026282,0.2381965008367482,0.0,0.14040204108880708,0.0,0.0,0.0,0.0,0.0,0.0,0.0,0.0,0.0,0.0,0.30448290061377997,0.0,0.0,0.0,0.29381959877392644,0.0,0.26777475491867553,0.0,0.0,0.0,0.0,0.0,0.0,0.0,0.0,0.0,0.2128992034999755,0.0,0.0,0.0,0.30448290061377997,0.0,0.0,0.0,0.0,0.0,0.0,0.0,0.0,0.09831408950480305,0.0,0.0,0.0,0.19896455792462275,0.0,0.0,0.0,0.0,0.0,0.0,0.0,0.0,0.0,0.0,0.0,0.26777475491867553,0.0,0.0,0.30448290061377997,0.0,0.0,0.0,0.0,0.0,0.0,0.27565219305033084,0.0,0.29381959877392644,0.0,0.0,0.0,0.0,0.0,0.0,0.0,0.0,0.0,0.0,0.0,0.0,0.09831408950480305,0.0,0.0
1,ANDES,0.0,0.0,0.0,0.0,0.0,0.0,0.0,0.0,0.0,0.0,0.0,0.0,0.0,0.262355841102575,0.0,0.0,0.18624828073832503,0.0,0.0,0.0,0.0,0.0,0.0,0.0,0.0,0.0,0.0,0.0,0.0,0.0,0.0,0.0,0.0,0.0,0.0,0.0,0.0,0.0,0.0,0.0,0.0,0.0,0.0,0.28241833462626426,0.0,0.38976210526921495,0.0,0.0,0.0,0.0,0.0,0.0,0.0,0.35521269735091854,0.0,0.0,0.26083424429765106,0.0,0.0,0.0,0.39590030052927827,0.0,0.0,0.0,0.0,0.0,0.0,0.0,0.0,0.0,0.0,0.0,0.0,0.0,0.0,0.0,0.0,0.0,0.0,0.0,0.0,0.0,0.36566239806228723,0.0,0.0,0.4039073528686451,0.0,0.0,0.0,0.0,0.0,0.0,0.0,0.0,0.0,0.0,0.0,0.13041712214882553,0.0,0.0
2,BECKS,0.0,0.19609423115875638,0.2881596517237787,0.0,0.0,0.0,0.0,0.0,0.0,0.0,0.0,0.21002933980126776,0.0,0.0,0.32861125345867925,0.0,0.09684796071368633,0.0,0.0,0.0,0.0,0.0,0.0,0.0,0.0,0.0,0.0,0.0,0.0,0.0,0.0,0.0,0.0,0.0,0.0,0.0,0.0,0.0,0.0,0.0,0.0,0.16674293869549578,0.0,0.14685579737048768,0.0,0.0,0.30561566010596874,0.0,0.0,0.19609423115875638,0.0,0.0,0.0,0.18470841836321636,0.0,0.0,0.0678161015618032,0.0,0.0,0.0,0.06862190727381096,0.0,0.0,0.0,0.0,0.18470841836321636,0.16674293869549578,0.17970982521139856,0.0,0.0,0.0,0.21002933980126776,0.0,0.0,0.0,0.0,0.17508185081036304,0.0,0.0,0.20267389803093694,0.0,0.0,0.19014219847625966,0.0,0.0,0.0,0.0,0.0,0.19014219847625966,0.18470841836321636,0.20433197435376318,0.16295698706728315,0.0,0.21002933980126776,0.0,0.0,0.12153487593243627,0.0678161015618032,0.0,0.21002933980126776
3,BERRIO DO PIAUI,0.0,0.0,0.0,0.0,0.0,0.0,0.0,0.0,0.0,0.0,0.0,0.0,0.0,0.0,0.0,0.0,0.1660405074381502,0.0,0.0,0.0,0.0,0.0,0.0,0.0,0.0,0.0,0.0,0.0,0.0,0.0,0.0,0.0,0.0,0.0,0.0,0.0,0.0,0.0,0.0,0.0,0.0,0.0,0.0,0.2517761957602484,0.0,0.0,0.26198062876645156,0.0,0.3474732624779888,0.0,0.0,0.21856930019129608,0.0,0.0,0.0,0.0,0.11626698004605135,0.0,0.0,0.0,0.11764848966517356,0.0,0.0,0.0,0.0,0.0,0.0,0.0,0.0,0.2567568849580695,0.0,0.0,0.0,0.0,0.0,0.0,0.0,0.0,0.0,0.0,0.0,0.0,0.0,0.0,0.0,0.0,0.6519767042640896,0.2567568849580695,0.0,0.0,0.17515797161614055,0.0,0.0,0.0,0.0,0.0,0.2083648671850929,0.11626698004605135,0.0,0.0
4,BUDWEISER,0.0,0.0,0.0,0.0,0.0,0.0,0.0,0.0,0.0,0.0,0.0,0.0,0.2501849359116466,0.0,0.10481387557985583,0.0,0.12356253777150097,0.0,0.0,0.0,0.0,0.24259109234768728,0.0,0.0,0.0,0.0,0.0,0.0,0.0,0.0,0.0,0.0,0.0,0.23565845633230587,0.0,0.0,0.0,0.0,0.0,0.267963910040804,0.0,0.0,0.0,0.18736455446077807,0.0,0.0,0.19495839802473736,0.0,0.0,0.0,0.0,0.0,0.0,0.0,0.0,0.0,0.08652251992707245,0.0,0.0,0.0,0.08755059938267196,0.0,0.0,0.0,0.0,0.0,0.0,0.45856209881877785,0.0,0.0,0.0,0.0,0.0,0.0,0.0,0.0,0.0,0.0,0.0,0.0,0.0,0.0,0.0,0.0,0.0,0.0,0.0,0.0,0.0,0.23565845633230587,0.26069498121548235,0.0,0.4467529856992142,0.0,0.0,0.0,0.15505910075227997,0.08652251992707245,0.0,0.267963910040804
5,CARACU,0.0,0.0,0.0,0.0,0.0,0.16796500475468468,0.0,0.0,0.0,0.2561078762719431,0.0,0.0,0.0,0.0,0.3512325918047196,0.0,0.1380198634686422,0.0,0.0,0.0,0.0,0.0,0.0,0.0,0.0,0.0,0.0,0.0,0.0,0.0,0.28883441147082767,0.0,0.0,0.0,0.0,0.0,0.0,0.0,0.0,0.0,0.0,0.0,0.0,0.20928697882008082,0.0,0.0,0.21776933334923512,0.29931679087676943,0.0,0.0,0.0,0.0,0.0,0.0,0.22714614125180127,0.0,0.09664601102140627,0.0,0.0,0.0,0.29338314001951205,0.0,0.0,0.0,0.0,0.0,0.0,0.0,0.28883441147082767,0.2134271374697349,0.0,0.0,0.0,0.2709752490391072,0.0,0.0,0.0,0.0,0.0,0.0,0.0,0.0,0.0,0.0,0.0,0.0,0.0,0.0,0.0,0.0,0.14559868372426696,0.0,0.0,0.29931679087676943,0.0,0.0,0.17320165400759674,0.09664601102140627,0.0,0.0
6,ESMERA DE GOIAS,0.0,0.0,0.0,0.0,0.0,0.0,0.0,0.0,0.0,0.0,0.0,0.0,0.0,0.0,0.15137140221437828,0.0,0.17844807760580386,0.0,0.0,0.0,0.0,0.0,0.0,0.0,0.0,0.0,0.0,0.0,0.0,0.0,0.0,0.0,0.0,0.0,0.0,0.0,0.0,0.0,0.0,0.0,0.0,0.0,0.0,0.27059046502284895,0.0,0.37343860642988647,0.0,0.0,0.37343860642988647,0.0,0.0,0.4698042910680853,0.0,0.0,0.0,0.0,0.1249551654494833,0.0,0.0,0.0,0.12643990998279012,0.0,0.0,0.0,0.0,0.0,0.0,0.0,0.0,0.27594334201784515,0.0,0.0,0.0,0.0,0.0,0.0,0.0,0.0,0.0,0.0,0.0,0.0,0.0,0.0,0.0,0.0,0.35034821115272863,0.27594334201784515,0.0,0.0,0.0,0.0,0.0,0.0,0.0,0.0,0.22393517439483143,0.1249551654494833,0.0,0.0
7,HOEGAARDEN,0.0,0.0,0.0,0.0,0.0,0.11550910418932517,0.0,0.0,0.0,0.0,0.0,0.0,0.0,0.0,0.08051391836196668,0.0,0.09491590711339039,0.0,0.0,0.0,0.16736649366129658,0.0,0.0,0.0,0.0,0.18102360598230693,0.0,0.0,0.1986306860573332,0.0,0.0,0.0,0.0,0.0,0.0,0.0,0.0,0.1986306860573332,0.0,0.0,0.15620782039912218,0.1634165259072807,0.0,0.0,0.0,0.0,0.14975941358627035,0.0,0.0,0.0,0.41167878313098344,0.12494362800308557,0.0,0.0,0.0,0.20583939156549172,0.0664632146015102,0.0,0.0,0.0,0.06725294501554005,0.0,0.0,0.0,0.0,0.0,0.1634165259072807,0.176124731501117,0.0,0.0,0.0,0.0,0.0,0.0,0.0,0.0,0.34317816433709314,0.0,0.0,0.1986306860573332,0.0,0.0,0.0,0.0,0.0,0.0,0.18634898572890723,0.14677329658536178,0.0,0.0,0.30038352725970235,0.0,0.17158908216854657,0.0,0.0,0.33473298732259316,0.11911033448751145,0.0664632146015102,0.0,0.0
8,LEFFE,0.2520814029126614,0.0,0.0,0.0,0.0,0.33064858961099625,0.2520814029126614,0.0,0.0,0.0,0.0,0.0,0.0,0.0,0.3457105879741483,0.0,0.2716998892767035,0.0,0.0,0.0,0.0,0.0,0.0,0.0,0.0,0.0,0.0,0.29461099618589753,0.0,0.0,0.2842934185112976,0.0,0.0,0.0,0.0,0.0,0.0,0.0,0.0,0.0,0.0,0.23389257578263134,0.0,0.0,0.0,0.0,0.2143456103776379,0.0,0.0,0.0,0.0,0.0,0.0,0.0,0.0,0.0,0.09512656306719602,0.0,0.0,0.0,0.19251375528050582,0.0,0.0,0.0,0.0,0.25909299714696443,0.23389257578263134,0.0,0.0,0.21007168157482467,0.0,0.0,0.0,0.0,0.0,0.0,0.24558968061375772,0.0,0.0,0.0,0.0,0.0,0.0,0.0,0.0,0.0,0.0,0.0,0.0,0.0,0.14330961229977182,0.0,0.0,0.0,0.0,0.0,0.0,0.09512656306719602,0.0,0.0
9,LEGITIMA,0.0,0.0,0.0,0.37060630387297266,0.0,0.0,0.0,0.0,0.0,0.0,0.0,0.0,0.0,0.0,0.2899247366358922,0.0,0.17089262286733856,0.0,0.0,0.0,0.0,0.0,0.0,0.0,0.0,0.0,0.0,0.0,0.0,0.0,0.0,0.0,0.0,0.0,0.0,0.0,0.0,0.0,0.0,0.0,0.0,0.29422548423628553,0.0,0.2591337206377589,0.0,0.0,0.0,0.0,0.0,0.0,0.0,0.2249564372229035,0.0,0.0,0.0,0.0,0.1196645895600835,0.0,0.0,0.0,0.12108647031659825,0.0,0.0,0.0,0.0,0.0,0.29422548423628553,0.0,0.0,0.26425995792669105,0.0,0.0,0.0,0.0,0.0,0.0,0.3089398731884992,0.0,0.0,0.0,0.0,0.0,0.0,0.0,0.0,0.0,0.0,0.0,0.33551454027444605,0.0,0.0,0.0,0.0,0.0,0.37060630387297266,0.0,0.0,0.1196645895600835,0.0,0.0
10,MAGNIFICA DO MARANHAO,0.0,0.1868636660728545,0.0,0.0,0.0,0.0,0.0,0.0,0.0,0.0,0.0,0.0,0.1868636660728545,0.0,0.39142854414449463,0.0,0.0,0.0,0.0,0.0,0.0,0.0,0.0,0.0,0.34250101667832056,0.0,0.0,0.4002856400844576,0.0,0.0,0.0,0.0,0.0,0.0,0.0,0.0,0.0,0.19313361428096054,0.0,0.0,0.0,0.0,0.0,0.0,0.0,0.0,0.1456148462889818,0.0,0.19313361428096054,0.0,0.0,0.2429716670328227,0.0,0.0,0.0,0.0,0.06462385599884442,0.0,0.0,0.0,0.06539173075272389,0.0,0.0,0.0,0.0,0.0,0.0,0.0,0.19313361428096054,0.14271136958808162,0.0,0.0,0.0,0.0,0.0,0.0,0.0,0.0,0.0,0.0,0.19313361428096054,0.1760138072696583,0.0,0.0,0.19313361428096054,0.0,0.0,0.14271136958808162,0.18119180800204598,0.0,0.19471364148768172,0.1552862612818354,0.0,0.0,0.2001428200422288,0.0,0.11581397544560282,0.06462385599884442,0.0,0.0
11,MICHELOB ULTRA,0.0,0.0,0.0,0.0,0.0,0.0,0.0,0.0,0.0,0.0,0.0,0.0,0.0,0.0,0.1549031118428037,0.0,0.0,0.0,0.0,0.0,0.0,0.0,0.0,0.0,0.0,0.0,0.0,0.0,0.0,0.0,0.0,0.38215145907352094,0.0,0.0,0.0,0.0,0.0,0.0,0.0,0.0,0.0,0.0,0.0,0.0,0.0,0.38215145907352094,0.0,0.3960205010763208,0.0,0.0,0.0,0.0,0.0,0.34827667630831693,0.0,0.0,0.12787054678627266,0.0,0.0,0.0,0.12938993251657788,0.0,0.0,0.0,0.0,0.0,0.0,0.0,0.38215145907352094,0.0,0.0,0.0,0.0,0.0,0.0,0.0,0.0,0.0,0.0,0.0,0.0,0.0,0.0,0.0,0.0,0.0,0.0,0.2823814917848937,0.0,0.0,0.0,0.30726329822936227,0.0,0.0,0.0,0.0,0.2291598998052051,0.0,0.0,0.0
12,MODELO,0.0,0.0,0.0,0.0,0.4742662692418569,0.0,0.0,0.0,0.0,0.0,0.0,0.0,0.0,0.0,0.1855088833733949,0.0,0.21869192682709507,0.0,0.0,0.0,0.0,0.0,0.0,0.0,0.0,0.0,0.0,0.0,0.0,0.0,0.0,0.0,0.0,0.0,0.0,0.0,0.0,0.0,0.0,0.0,0.0,0.0,0.0,0.33161438873893406,0.0,0.45765698060465354,0.0,0.0,0.0,0.0,0.0,0.0,0.0,0.0,0.0,0.0,0.153135221548933,0.0,0.0,0.0,0.15495480765594694,0.0,0.0,0.0,0.0,0.41708921504764895,0.0,0.0,0.0,0.0,0.0,0.0,0.0,0.0,0.0,0.0,0.0,0.0,0.0,0.0,0.0,0.0,0.0,0.0,0.0,0.0,0.0,0.0,0.0,0.0,0.2307005374946122,0.0,0.0,0.0,0.0,0.0,0.2744373345447262,0.153135221548933,0.0,0.0
13,NOSSA,0.0,0.0,0.0,0.3623672546530368,0.0,0.0,0.0,0.0,0.0,0.0,0.0,0.0,0.0,0.0,0.28347934121153695,0.0,0.16709346263607996,0.0,0.0,0.0,0.0,0.0,0.0,0.0,0.0,0.0,0.0,0.0,0.0,0.0,0.0,0.0,0.0,0.0,0.0,0.0,0.0,0.0,0.0,0.0,0.0,0.28768447772601013,0.0,0.25337284863809806,0.0,0.0,0.0,0.0,0.0,0.0,0.0,0.21995536967696078,0.0,0.0,0.0,0.0,0.11700429362618897,0.0,0.0,0.0,0.11839456416610628,0.0,0.0,0.0,0.0,0.0,0.28768447772601013,0.0,0.0,0.25838512315603795,0.0,0.0,0.0,0.0,0.0,0.0,0.3020717471080718,0.0,0.0,0.0,0.0,0.0,0.0,0.0,0.0,0.0,0.0,0.0,0.32805562556512474,0.0,0.0,0.0,0.0,0.0,0.3623672546530368,0.0,0.20968622468606427,0.11700429362618897,0.0,0.0
14,ORIGINAL,0.0,0.278297166097186,0.20447826023335505,0.0,0.0,0.16726753621971568,0.0,0.0,0.0,0.0,0.24847637091438524,0.0,0.0,0.19361228575425674,0.23318274088123497,0.0,0.0,0.0,0.0,0.0,0.0,0.2698500342347722,0.0,0.0,0.0,0.0,0.0,0.29807388885721275,0.0,0.0,0.0,0.0,0.0,0.0,0.0,0.0,0.0,0.0,0.0,0.0,0.0,0.0,0.0,0.0,0.0,0.0,0.0,0.0,0.0,0.0,0.0,0.1809295723406726,0.0,0.0,0.0,0.0,0.1924893839954866,0.0,0.0,0.0,0.09738829242265905,0.0,0.0,0.0,0.0,0.0,0.0,0.0,0.28763503714811434,0.21254088909251456,0.0,0.0,0.0,0.0,0.0,0.0,0.0,0.0,0.28763503714811434,0.0,0.0,0.0,0.0,0.0,0.28763503714811434,0.0,0.0,0.0,0.2698500342347722,0.0,0.14499409051880194,0.0,0.24847637091438524,0.0,0.0,0.0,0.0,0.0962446919977433,0.0,0.0
15,POLAR,0.0,0.0,0.16944577366168923,0.24700601740311504,0.0,0.13861022218640234,0.0,0.0,0.0,0.0,0.0,0.0,0.23061756571763442,0.0,0.09661621212954938,0.0,0.11389851099915999,0.0,0.0,0.0,0.20083877401496927,0.0,0.0,0.0,0.0,0.21722722570044986,0.0,0.0,0.0,0.0,0.0,0.0,0.0,0.0,0.0,0.0,0.0,0.0,0.0,0.24700601740311504,0.0,0.19609883674460593,0.0,0.17271046833440581,0.0,0.0,0.17971038505912534,0.0,0.0,0.0,0.0,0.1499315933564602,0.0,0.21722722570044986,0.0,0.0,0.15951090622325584,0.0,0.0,0.0,0.08070312480317372,0.0,0.0,0.0,0.0,0.21722722570044986,0.19609883674460593,0.0,0.0,0.1761270628277269,0.0,0.0,0.0,0.0,0.0,0.0,0.20590585453039206,0.24700601740311504,0.0,0.23835561465629385,0.0,0.0,0.0,0.0,0.0,0.24700601740311504,0.0,0.0,0.0,0.0,0.24030560330759004,0.0,0.20590585453039206,0.0,0.0,0.0,0.14293167663174067,0.07975545311162792,0.0,0.0
16,SERRAMALTE,0.0,0.0,0.2263574334253495,0.0,0.0,0.0,0.0,0.0,0.0,0.0,0.0,0.0,0.0,0.0,0.12906664670544427,0.0,0.1521535418889466,0.0,0.0,0.0,0.0,0.0,0.0,0.0,0.2823341474271609,0.2901872157510191,0.0,0.0,0.0,0.3184119852044377,0.3184119852044377,0.0,0.32996779401307463,0.0,0.0,0.0,0.0,0.0,0.0,0.0,0.0,0.0,0.0,0.23071863932068792,0.0,0.0,0.0,0.0,0.0,0.0,0.0,0.0,0.0,0.0,0.0,0.0,0.10654287373415701,0.0,0.0,0.0,0.32342651820266044,0.0,0.0,0.0,0.0,0.0,0.0,0.0,0.0,0.0,0.0,0.0,0.0,0.0,0.0,0.0,0.0,0.0,0.0,0.0,0.3184119852044377,0.0,0.2987239870361621,0.0,0.0,0.0,0.0,0.0,0.0,0.0,0.1605084577412941,0.0,0.0,0.0,0.0,0.0,0.19093806105863237,0.10654287373415701,0.0,0.0
17,SERRANA,0.0,0.0,0.0,0.0,0.0,0.0,0.0,0.0,0.0,0.0,0.0,0.0,0.0,0.0,0.27591979839783004,0.0,0.16263758172677095,0.0,0.0,0.0,0.0,0.0,0.0,0.0,0.0,0.0,0.0,0.0,0.0,0.0,0.0,0.0,0.0,0.0,0.0,0.0,0.0,0.34035195384585504,0.0,0.0,0.0,0.0,0.0,0.24661615557918024,0.0,0.0,0.0,0.0,0.34035195384585504,0.0,0.0,0.21408982043774147,0.0,0.0,0.0,0.0,0.11388414044933125,0.0,0.0,0.0,0.115237336648578,0.0,0.0,0.0,0.0,0.0,0.0,0.0,0.0,0.25149476778631297,0.0,0.0,0.0,0.0,0.0,0.0,0.2940164006573732,0.35270400806819685,0.0,0.0,0.0,0.0,0.31930736709895885,0.0,0.0,0.0,0.0,0.25149476778631297,0.0,0.0,0.0,0.0,0.0,0.0,0.0,0.0,0.20409452270812006,0.2277682808986625,0.0,0.0
18,SPATEN,0.0,0.0,0.0,0.0,0.0,0.0,0.0,0.0,0.0,0.0,0.0,0.0,0.0,0.0,0.2690318336545584,0.0,0.15857755437327978,0.0,0.0,0.0,0.0,0.0,0.0,0.0,0.0,0.0,0.0,0.0,0.0,0.0,0.0,0.0,0.0,0.0,0.0,0.0,0.0,0.0,0.0,0.0,0.0,0.0,0.0,0.24045971666245788,0.0,0.3318555274494653,0.0,0.0,0.0,0.0,0.0,0.0,0.0,0.0,0.0,0.0,0.11104117684618388,0.0,0.0,0.0,0.22472118466348082,0.0,0.0,0.0,0.0,0.0,0.0,0.0,0.0,0.0,0.0,0.34389922933723555,0.0,0.0,0.0,0.0,0.28667667870399727,0.0,0.0,0.0,0.0,0.0,0.6226725807198741,0.0,0.0,0.0,0.0,0.0,0.0,0.0,0.0,0.26682358912608584,0.0,0.0,0.0,0.0,0.0,0.11104117684618388,0.0,0.0
19,TRES FIDALGAS,0.2508446712259837,0.0,0.20111118858475327,0.0,0.0,0.0,0.0,0.0,0.0,0.2508446712259837,0.0,0.0,0.0,0.19042414028862056,0.0,0.0,0.1351834538570946,0.0,0.0,0.0,0.0,0.26540650855820785,0.0,0.0,0.0,0.0,0.0,0.0,0.0,0.0,0.0,0.0,0.0,0.0,0.0,0.0,0.0,0.0,0.0,0.0,0.0,0.0,0.0,0.20498597762084472,0.0,0.0,0.0,0.2931656108856855,0.0,0.0,0.0,0.0,0.0,0.0,0.0,0.0,0.189319728958475,0.0,0.0,0.0,0.2873539009136031,0.0,0.0,0.0,0.0,0.0,0.0,0.0,0.0,0.0,0.0,0.0,0.2578218660136656,0.0,0.28289865207900877,0.0,0.0,0.0,0.0,0.0,0.0,0.0,0.0,0.0,0.0,0.0,0.26540650855820785,0.0,0.26540650855820785,0.0,0.14260652378753425,0.0,0.2443847978400716,0.0,0.0,0.0,0.0,0.0946598644792375,0.0,0.2931656108856855
20,ANTARCTICA CRISTAL,0.0,0.0,0.0,0.0,0.0,0.19808882134174804,0.0,0.0,0.0,0.0,0.2942614721188439,0.0,0.0,0.0,0.2761497858002024,0.0,0.0,0.0,0.0,0.0,0.28702007252283124,0.0,0.0,0.35299799740529025,0.0,0.0,0.0,0.0,0.0,0.0,0.3406356473764095,0.0,0.0,0.0,0.0,0.0,0.0,0.0,0.0,0.0,0.0,0.0,0.0,0.0,0.0,0.0,0.0,0.0,0.0,0.0,0.0,0.0,0.0,0.0,0.0,0.35299799740529025,0.11397906628569904,0.0,0.0,0.0,0.11533339041444043,0.0,0.0,0.0,0.0,0.0,0.0,0.0,0.0,0.2517043961953263,0.0,0.0,0.0,0.0,0.3406356473764095,0.0,0.0,0.0,0.0,0.0,0.0,0.0,0.0,0.0,0.0,0.0,0.0,0.0,0.3195735193371957,0.0,0.1717111947811592,0.0,0.0,0.0,0.0,0.0,0.0,0.11397906628569904,0.0,0.0
21,ANTARCTICA PILSEN,0.0,0.0,0.14605489079960332,0.21290844922863708,0.21290844922863708,0.23895197180383815,0.0,0.0,0.0,0.0,0.0,0.21290844922863708,0.19878231630969825,0.0,0.2498369243524507,0.0,0.0,0.0,0.0,0.0,0.17311429239686427,0.19274869239130848,0.0,0.0,0.18217331080082433,0.0,0.0,0.0,0.0,0.0,0.0,0.0,0.0,0.0,0.0,0.0,0.0,0.0,0.0,0.21290844922863708,0.1615724014029691,0.0,0.0,0.0,0.0,0.0,0.0,0.0,0.0,0.0,0.0,0.0,0.0,0.1872404253158031,0.0,0.21290844922863708,0.06874573347665268,0.0,0.0,0.0,0.06956258527786047,0.0,0.0,0.0,0.0,0.0,0.0,0.0,0.0,0.15181387161369275,0.0,0.0,0.0,0.0,0.0,0.21290844922863708,0.0,0.21290844922863708,0.41090435621727595,0.0,0.0,0.1872404253158031,0.0,0.0,0.20545217810863797,0.0,0.0,0.0,0.0,0.0,0.10356649177836146,0.0,0.17748189552652674,0.0,0.0,0.0,0.12320089177280566,0.06874573347665268,0.0,0.0
22,ANTARCTICA SUBZERO,0.0,0.0,0.0,0.32272349630338065,0.0,0.0,0.0,0.0,0.0,0.0,0.0,0.0,0.3013113117641443,0.0,0.0,0.0,0.0,0.0,0.0,0.0,0.0,0.0,0.0,0.0,0.0,0.28381628313095775,0.0,0.0,0.0,0.31142139019180987,0.0,0.0,0.0,0.0,0.2761356254662754,0.0,0.0,0.0,0.0,0.32272349630338065,0.0,0.0,0.0,0.0,0.0,0.0,0.0,0.0,0.0,0.0,0.0,0.0,0.0,0.0,0.0,0.0,0.10420377182730248,0.0,0.0,0.0,0.10544194377492866,0.0,0.0,0.0,0.0,0.0,0.0,0.0,0.0,0.23011723401315157,0.0,0.0,0.0,0.0,0.0,0.0,0.0,0.32272349630338065,0.31142139019180987,0.0,0.0,0.0,0.0,0.0,0.0,0.0,0.0,0.23011723401315157,0.0,0.0,0.0,0.0,0.2690244471855745,0.0,0.0,0.0,0.18674609995358693,0.10420377182730248,0.0,0.0
23,BOHEMIA 14 WEISS,0.0,0.0,0.0,0.0,0.0,0.0,0.0,0.0,0.0,0.0,0.0,0.3504573735546804,0.0,0.0,0.4112433895543232,0.0,0.16160162183988594,0.0,0.0,0.0,0.0,0.0,0.0,0.0,0.0,0.0,0.0,0.0,0.0,0.0,0.0,0.0,0.0,0.0,0.0,0.3172734606648536,0.0,0.0,0.0,0.0,0.0,0.0,0.0,0.0,0.0,0.0,0.0,0.0,0.0,0.0,0.0,0.21272612292201895,0.0,0.0,0.2659558117104115,0.0,0.11315872754042504,0.0,0.0,0.0,0.2290066084504965,0.0,0.0,0.0,0.0,0.0,0.0,0.0,0.0,0.0,0.0,0.0,0.0,0.0,0.0,0.0,0.0,0.0,0.0,0.0,0.0,0.0,0.0,0.0,0.0,0.0,0.0,0.24989281030255142,0.0,0.0,0.0,0.0,0.0,0.0,0.0,0.5699086199536487,0.0,0.11315872754042504,0.0,0.0
24,BOHEMIA 838 PALE ALE,0.43547816601682043,0.0,0.17456924865557868,0.0,0.0,0.14280133295843844,0.0,0.0,0.0,0.0,0.21213176075386742,0.0,0.0,0.1652926390122741,0.09953756411226918,0.0,0.0,0.0,0.0,0.0,0.0,0.0,0.0,0.0,0.0,0.0,0.0,0.0,0.2455626933868788,0.0,0.0,0.0,0.0,0.0,0.0,0.0,0.0,0.0,0.0,0.0,0.19311624939074268,0.0,0.0,0.0,0.0,0.0,0.0,0.0,0.0,0.0,0.0,0.0,0.0,0.0,0.0,0.0,0.16433398396445226,0.0,0.0,0.0,0.16628663620936,0.0,0.0,0.0,0.0,0.0,0.0,0.0,0.0,0.0,0.0,0.0,0.0,0.46075820160330244,0.4911253867737576,0.2544746554585664,0.0,0.0,0.0,0.0,0.0,0.0,0.0,0.0,0.0,0.0,0.0,0.0,0.0,0.0,0.0,0.0,0.0,0.0,0.0,0.0,0.0,0.08216699198222613,0.0,0.0
25,BOHEMIA AURA LAGER,0.0,0.0,0.0,0.0,0.0,0.18902695144047635,0.0,0.0,0.0,0.0,0.0,0.3368495751660691,0.0,0.0,0.2635169001318677,0.0,0.0,0.0,0.0,0.0,0.0,0.30495414992245695,0.0,0.3368495751660691,0.0,0.0,0.0,0.0,0.0,0.0,0.0,0.0,0.0,0.0,0.0,0.30495414992245695,0.0,0.0,0.0,0.0,0.0,0.0,0.0,0.0,0.0,0.0,0.0,0.0,0.0,0.31450014803096255,0.0,0.0,0.0,0.0,0.0,0.0,0.21752984627888183,0.0,0.0,0.0,0.22011458336383422,0.0,0.0,0.0,0.0,0.0,0.0,0.288222485167583,0.0,0.0,0.0,0.0,0.0,0.0,0.0,0.0,0.0,0.0,0.0,0.0,0.0,0.0,0.0,0.0,0.0,0.0,0.0,0.0,0.0,0.0,0.0,0.0,0.2808000402256366,0.0,0.3368495751660691,0.0,0.0,0.10876492313944092,0.0,0.0
26,BOHEMIA MAGNA PILS,0.0,0.0,0.0,0.0,0.0,0.0,0.0,0.0,0.0,0.0,0.0,0.0,0.0,0.0,0.0,0.0,0.0,0.0,0.0,0.0,0.0,0.0,0.0,0.0,0.0,0.0,0.0,0.0,0.0,0.0,0.0,0.0,0.0,0.0,0.0,0.0,0.0,0.0,0.0,0.0,0.0,0.0,0.0,0.0,0.0,0.0,0.0,0.0,0.0,0.0,0.0,0.0,0.0,0.0,0.0,0.0,0.0,0.0,0.0,0.0,0.0,0.0,0.0,0.0,0.0,0.0,0.0,0.0,0.0,0.0,0.0,0.0,0.0,0.0,0.0,0.0,0.0,0.0,0.0,0.0,0.0,0.0,0.0,0.0,0.0,0.0,0.0,0.0,0.0,0.0,0.0,0.0,0.0,0.0,0.0,0.0,0.0,0.0,0.0,0.0
27,BOHEMIA PURO MALTE,0.0,0.0,0.0,0.0,0.0,0.0,0.0,0.0,0.0,0.4237728062193025,0.0,0.0,0.0,0.0,0.38744824571949527,0.0,0.0,0.0,0.0,0.0,0.0,0.0,0.0,0.0,0.0,0.0,0.0,0.0,0.0,0.0,0.0,0.0,0.0,0.0,0.0,0.0,0.0,0.0,0.0,0.0,0.0,0.0,0.0,0.0,0.0,0.0,0.0,0.0,0.0,0.0,0.0,0.0,0.0,0.0,0.0,0.0,0.31983359431675357,0.0,0.0,0.0,0.1618169634260996,0.0,0.0,0.0,0.0,0.0,0.0,0.0,0.0,0.0,0.0,0.0,0.0,0.0,0.0,0.0,0.0,0.0,0.0,0.47792426716203423,0.0,0.0,0.0,0.0,0.0,0.0,0.0,0.0,0.0,0.0,0.240917084167117,0.38426802553122213,0.0,0.0,0.0,0.0,0.2865907602259276,0.15991679715837678,0.0,0.0
28,BRAHMA CHOPP PILSEN,0.0,0.0,0.16731123000694673,0.0,0.0,0.0,0.0,0.0,0.24389443122579488,0.2086862037803563,0.2033120156534207,0.0,0.0,0.0,0.38159647043853784,0.0,0.0,0.0,0.0,0.0,0.0,0.0,0.0,0.0,0.2086862037803563,0.0,0.23535299940161858,0.0,0.0,0.0,0.23535299940161858,0.0,0.0,0.0,0.2086862037803563,0.0,0.0,0.0,0.0,0.0,0.0,0.19362853891049583,0.0,0.0,0.0,0.0,0.0,0.0,0.0,0.22771242827491733,0.0,0.14804287388988063,0.0,0.0,0.0,0.0,0.07875075708002056,0.0,0.0,0.0,0.0796864907541567,0.0,0.0,0.0,0.0,0.0,0.19362853891049583,0.0,0.0,0.173908353583683,0.0,0.0,0.0,0.0,0.0,0.0,0.0,0.24389443122579488,0.0,0.0,0.23535299940161858,0.0,0.0,0.0,0.0,0.24389443122579488,0.0,0.0,0.0,0.0,0.23727842364028592,0.18923214115061618,0.0,0.0,0.0,0.0,0.14113113657209225,0.07875075708002056,0.0,0.0
29,BRAHMA DUPLO MALTE,0.0,0.0,0.0,0.33085956818381096,0.0,0.0,0.0,0.0,0.0,0.0,0.0,0.0,0.0,0.0,0.25883092696133686,0.0,0.0,0.0,0.0,0.0,0.0,0.0,0.0,0.0,0.0,0.2909714785438733,0.3192725285338481,0.0,0.0,0.3192725285338481,0.0,0.0,0.0,0.0,0.28309718644115156,0.0,0.0,0.0,0.0,0.0,0.0,0.0,0.0,0.0,0.0,0.3192725285338481,0.0,0.0,0.0,0.0,0.0,0.0,0.0,0.0,0.0,0.0,0.10683081754138923,0.0,0.0,0.0,0.32430061385774395,0.0,0.0,0.0,0.0,0.0,0.0,0.0,0.0,0.0,0.0,0.0,0.0,0.0,0.0,0.0,0.0,0.0,0.0,0.0,0.0,0.0,0.0,0.0,0.0,0.0,0.0,0.0,0.0,0.2909714785438733,0.3218844989219147,0.0,0.0,0.0,0.0,0.0,0.19145409212030567,0.10683081754138923,0.0,0.0
30,BRAHMA EXTRA LAGER,0.0,0.0,0.35420990490187015,0.0,0.0,0.0,0.0,0.0,0.2581710244046309,0.22090184978110322,0.2152130784258045,0.0,0.0,0.0,0.30295018787586414,0.0,0.0,0.0,0.0,0.0,0.0,0.0,0.0,0.0,0.0,0.0,0.24912961172108994,0.0,0.0,0.0,0.24912961172108994,0.0,0.0,0.0,0.22090184978110322,0.0,0.0,0.0,0.0,0.0,0.0,0.0,0.0,0.0,0.0,0.0,0.1878335382054541,0.0,0.0,0.24104179247526752,0.0,0.0,0.0,0.0,0.0,0.0,0.08336050776479917,0.0,0.0,0.0,0.08435101550213239,0.0,0.0,0.0,0.0,0.0,0.0,0.0,0.0,0.0,0.0,0.0,0.0,0.0,0.0,0.0,0.0,0.0,0.0,0.0,0.4982592234421799,0.0,0.0,0.0,0.0,0.0,0.0,0.0,0.0,0.0,0.2511677425041994,0.0,0.0,0.0,0.0,0.0,0.14939238227409501,0.08336050776479917,0.0,0.0
31,BRAHMA EXTRA RED LAGER,0.0,0.0,0.0,0.0,0.0,0.0,0.0,0.0,0.3062170545939339,0.0,0.0,0.0,0.0,0.0,0.2395531268054056,0.0,0.0,0.0,0.0,0.0,0.0,0.0,0.0,0.0,0.0,0.26929984107652183,0.0,0.0,0.0,0.0,0.0,0.0,0.3062170545939339,0.0,0.0,0.0,0.0,0.0,0.0,0.0,0.0,0.0,0.0,0.0,0.0,0.0,0.0,0.0,0.0,0.5718000917882611,0.0,0.18587243902347,0.0,0.0,0.0,0.0,0.09887402823790198,0.0,0.0,0.0,0.20009774201916147,0.0,0.0,0.0,0.0,0.0,0.0,0.26201202846181104,0.0,0.0,0.0,0.0,0.0,0.0,0.0,0.0,0.0,0.0,0.0,0.0,0.0,0.0,0.27722214442281445,0.0,0.0,0.3062170545939339,0.0,0.0,0.0,0.0,0.14895522550605791,0.0,0.0,0.0,0.0,0.0,0.0,0.09887402823790198,0.0,0.0
32,BRAHMA EXTRA WEISS,0.0,0.0,0.14896763939132532,0.0,0.0,0.12185867577813755,0.0,0.0,0.21715444730690278,0.0,0.0,0.0,0.0,0.1410514992305552,0.084939793639271,0.0,0.10013346421733714,0.0,0.0,0.0,0.17656668217049917,0.0,0.0,0.0,0.0,0.0,0.0,0.0,0.0,0.2095494770020604,0.0,0.0,0.0,0.0,0.0,0.0,0.0,0.0,0.0,0.21715444730690278,0.0,0.17239958345348566,0.0,0.0,0.0,0.0,0.1579917353962118,0.0,0.0,0.0,0.0,0.3954354549512462,0.0,0.190974530227773,0.0,0.21715444730690278,0.14023343659601667,0.0,0.0,0.0,0.28379944175970795,0.0,0.0,0.0,0.0,0.0,0.17239958345348566,0.0,0.0,0.15484147060969874,0.0,0.0,0.0,0.19659264776483548,0.0,0.0,0.0,0.0,0.0,0.0,0.0,0.0,0.19659264776483548,0.0,0.0,0.0,0.0,0.15484147060969874,0.0,0.0,0.0,0.1684851959010937,0.18102138768882853,0.0,0.0,0.35313336434099835,0.1256578668322886,0.07011671829800833,0.0,0.0
33,BRAHMA MALZIBIER,0.0,0.0,0.0,0.0,0.0,0.15486933984296727,0.23614000895453746,0.0,0.5519601404435753,0.0,0.0,0.0,0.0,0.0,0.3238481712519595,0.0,0.0,0.0,0.0,0.0,0.0,0.0,0.0,0.0,0.0,0.0,0.0,0.0,0.0,0.0,0.26631496658336773,0.0,0.27598007022178767,0.0,0.0,0.0,0.0,0.0,0.0,0.0,0.0,0.0,0.0,0.0,0.0,0.0,0.200790592916043,0.0,0.0,0.0,0.0,0.0,0.0,0.0,0.0,0.27598007022178767,0.08911084750779834,0.0,0.0,0.0,0.18033936407264786,0.0,0.0,0.0,0.0,0.0,0.0,0.0,0.0,0.19678694340399608,0.0,0.0,0.0,0.24984822281142302,0.0,0.0,0.0,0.0,0.0,0.0,0.0,0.0,0.0,0.0,0.0,0.0,0.0,0.0,0.0,0.0,0.26849369085322283,0.0,0.0,0.0,0.0,0.0,0.15969770521569554,0.08911084750779834,0.0,0.0
34,BRAHMA REFRESH,0.0,0.0,0.0,0.0,0.33233747904154903,0.0,0.0,0.0,0.6646749580830981,0.28436174834556666,0.0,0.0,0.0,0.0,0.12999354716640615,0.0,0.0,0.0,0.0,0.0,0.0,0.0,0.0,0.0,0.0,0.0,0.0,0.0,0.0,0.0,0.0,0.0,0.0,0.0,0.0,0.0,0.0,0.0,0.0,0.0,0.0,0.0,0.0,0.0,0.0,0.0,0.0,0.0,0.0,0.0,0.0,0.20172742465398844,0.0,0.0,0.0,0.0,0.10730801826450008,0.0,0.0,0.0,0.10858307554544631,0.0,0.0,0.0,0.0,0.0,0.0,0.0,0.0,0.23697246191226232,0.0,0.0,0.0,0.0,0.0,0.0,0.0,0.0,0.0,0.0,0.0,0.0,0.0,0.0,0.0,0.0,0.0,0.23697246191226232,0.0,0.29227121398689726,0.0,0.0,0.2770387269669141,0.0,0.0,0.0,0.0,0.10730801826450008,0.0,0.0
35,BRAHMA ZERO,0.0,0.0,0.1425693861337354,0.0,0.0,0.0,0.1778258636094523,0.0,0.4156550560276725,0.0,0.0,0.0,0.0,0.0,0.24387472917521857,0.0,0.0,0.0,0.0,0.0,0.0,0.18814887061887883,0.0,0.0,0.1778258636094523,0.1827720547429013,0.20054919593878423,0.0,0.0,0.20054919593878423,0.0,0.0,0.0,0.0,0.1778258636094523,0.0,0.0,0.0,0.0,0.20782752801383625,0.1577165814719664,0.16499491354701842,0.0,0.0,0.0,0.0,0.0,0.0,0.0,0.0,0.0,0.2523008366034719,0.0,0.0,0.0,0.0,0.13421032280976342,0.0,0.0,0.0,0.1358050391417241,0.0,0.0,0.0,0.0,0.0,0.16499491354701842,0.0,0.0,0.1481909326285202,0.0,0.0,0.0,0.18814887061887883,0.0,0.0,0.0,0.20782752801383625,0.0,0.0,0.0,0.0,0.0,0.0,0.0,0.20782752801383625,0.0,0.0,0.0,0.0,0.30328483509240306,0.16124865138757016,0.0,0.0,0.0,0.0,0.12026078288112607,0.06710516140488171,0.0,0.0
36,CERVEJARIA COLORADOCOLORADO APPIA,0.0,0.24106051311362459,0.0,0.0,0.0,0.0,0.0,0.0,0.0,0.22091900624015412,0.0,0.0,0.0,0.0,0.3029737166625081,0.0,0.11905612401595059,0.0,0.0,0.0,0.0,0.0,0.22706382459051097,0.0,0.22091900624015412,0.0,0.0,0.0,0.0,0.0,0.24914896050420832,0.0,0.0,0.0,0.0,0.0,0.0,0.24914896050420832,0.0,0.2581910753938495,0.0,0.0,0.0,0.0,0.0,0.0,0.0,0.0,0.0,0.0,0.0,0.15672087559325026,0.0,0.22706382459051097,0.391873147574345,0.0,0.0,0.0,0.0,0.0,0.0,0.0,0.0,0.0,0.0,0.22706382459051097,0.0,0.0,0.0,0.0,0.0,0.0,0.22706382459051097,0.0,0.0,0.0,0.0,0.0,0.0,0.0,0.0,0.0,0.0,0.0,0.0,0.0,0.0,0.18410254226007944,0.0,0.0,0.12559362478991173,0.20032458214482993,0.0,0.0,0.0,0.20993326231028606,0.14940398491251358,0.08336698200274396,0.0,0.0
37,CERVEJARIA COLORADOCOLORADO BERTHO,0.20477453680857033,0.0,0.16417510600559254,0.0,0.0,0.0,0.20477453680857033,0.0,0.0,0.20477453680857033,0.0,0.0,0.44688825788051695,0.1554508410889986,0.09361093242666042,0.0,0.11035565958995679,0.0,0.0,0.0,0.0,0.0,0.21047029994313407,0.0,0.20477453680857033,0.0,0.0,0.23932281233606414,0.0,0.0,0.0,0.0,0.0,0.42094059988626814,0.0,0.0,0.0,0.23094148326977576,0.22344412894025847,0.0,0.0,0.0,0.0,0.0,0.0,0.0,0.0,0.0,0.23094148326977576,0.0,0.0,0.0,0.0,0.0,0.0,0.0,0.1545492659529936,0.0,0.0,0.0,0.15638565404407298,0.0,0.0,0.0,0.0,0.0,0.0,0.0,0.0,0.0,0.0,0.0,0.0,0.0,0.0,0.0,0.0,0.0,0.0,0.0,0.0,0.0,0.0,0.0,0.0,0.0,0.0,0.0,0.0,0.0,0.1164154084348266,0.0,0.0,0.0,0.0,0.0,0.0,0.0772746329764968,0.0,0.23932281233606414
38,CERVEJARIA COLORADOCOLORADO CAUIM,0.0,0.0,0.0,0.0,0.0,0.0,0.0,0.0,0.0,0.0,0.30114932198750033,0.0,0.0,0.0,0.1413068455104063,0.0,0.166583215620613,0.0,0.0,0.0,0.2937384211893862,0.0,0.0,0.0,0.3091096636596759,0.0,0.0,0.0,0.0,0.0,0.0,0.0,0.0,0.0,0.0,0.0,0.0,0.0,0.6745832818854834,0.0,0.0,0.0,0.0,0.0,0.0,0.0,0.0,0.0,0.0,0.0,0.0,0.0,0.0,0.0,0.0,0.0,0.23329400404035117,0.0,0.0,0.0,0.23606605428658292,0.0,0.0,0.0,0.0,0.0,0.0,0.0,0.0,0.0,0.0,0.0,0.3177074876579597,0.0,0.0,0.0,0.0,0.0,0.0,0.0,0.0,0.0,0.0,0.0,0.0,0.0,0.0,0.0,0.0,0.0,0.0,0.0,0.0,0.0,0.0,0.0,0.0,0.11664700202017558,0.0,0.0
39,CERVEJARIA COLORADOCOLORADO CAUIM 016,0.0,0.0,0.0,0.0,0.0,0.2385135679218125,0.0,0.0,0.0,0.0,0.0,0.0,0.0,0.0,0.16625236660482146,0.0,0.0,0.0,0.0,0.0,0.0,0.0,0.3737937926532944,0.0,0.0,0.0,0.0,0.0,0.0,0.0,0.0,0.0,0.0,0.0,0.0,0.0,0.0,0.0,0.0,0.0,0.0,0.0,0.0,0.0,0.0,0.0,0.0,0.0,0.0,0.0,0.0,0.25799481965739,0.0,0.0,0.0,0.0,0.2744784242145357,0.0,0.0,0.0,0.13886991836257653,0.0,0.0,0.0,0.0,0.0,0.0,0.0,0.0,0.0,0.0,0.0,0.0,0.0,0.0,0.0,0.0,0.0,0.4101504722315234,0.0,0.0,0.3737937926532944,0.0,0.0,0.0,0.0,0.0,0.0,0.38479011482906256,0.3737937926532944,0.0,0.0,0.0,0.0,0.0,0.0,0.0,0.13723921210726786,0.0,0.0
40,CERVEJARIA COLORADOCOLORADO DEMOISELLE,0.0,0.5706037249993688,0.0,0.0,0.0,0.17147763410049627,0.2614638255257785,0.0,0.0,0.0,0.0,0.0,0.0,0.0,0.2390519142151995,0.0,0.0,0.0,0.0,0.0,0.0,0.0,0.0,0.0,0.0,0.0,0.0,0.0,0.0,0.0,0.0,0.0,0.3055763622968011,0.0,0.0,0.0,0.2948747663131619,0.2948747663131619,0.0,0.0,0.0,0.0,0.0,0.0,0.0,0.0,0.0,0.0,0.0,0.0,0.0,0.18548354154651675,0.0,0.0,0.0,0.0,0.09866715593171209,0.0,0.0,0.0,0.09983954060152204,0.0,0.0,0.0,0.0,0.2687363899845321,0.0,0.0,0.0,0.0,0.0,0.0,0.0,0.0,0.0,0.0,0.0,0.0,0.0,0.0,0.0,0.0,0.0,0.0,0.2948747663131619,0.0,0.0,0.0,0.0,0.0,0.0,0.0,0.0,0.0,0.0,0.0,0.0,0.19733431186342418,0.0,0.0
41,CERVEJARIA COLORADOCOLORADO EUGENIA,0.0,0.0,0.0,0.0,0.0,0.16334329503278652,0.0,0.0,0.0,0.0,0.0,0.0,0.0,0.18906997393916347,0.2277120719365739,0.0,0.0,0.0,0.0,0.0,0.0,0.0,0.2559884130986057,0.0,0.0,0.0,0.0,0.0,0.2808868701989829,0.0,0.0,0.0,0.0,0.2559884130986057,0.0,0.2635191188487326,0.0,0.0,0.27176807368579486,0.0,0.4417920175722455,0.0,0.0,0.0,0.0,0.0,0.0,0.0,0.2808868701989829,0.0,0.0,0.17668480796045177,0.0,0.0,0.22089600878612276,0.0,0.18797341642764076,0.0,0.0,0.0,0.09510347878286411,0.0,0.0,0.0,0.0,0.0,0.0,0.2490608353520236,0.0,0.0,0.0,0.0,0.0,0.0,0.0,0.0,0.0,0.0,0.0,0.0,0.0,0.0,0.0,0.0,0.0,0.0,0.0,0.2075544958584575,0.0,0.0,0.14159240364796877,0.0,0.0,0.0,0.0,0.0,0.0,0.09398670821382038,0.0,0.0
42,CERVEJARIA COLORADOCOLORADO GUANABARA,0.0,0.0,0.0,0.0,0.0,0.0,0.0,0.0,0.0,0.3434266054313693,0.3345825172647859,0.0,0.0,0.0,0.15699454265940643,0.0,0.0,0.0,0.0,0.0,0.32634886816384073,0.0,0.3529789483599873,0.0,0.0,0.0,0.0,0.0,0.0,0.0,0.0,0.0,0.0,0.0,0.0,0.0,0.0,0.0,0.0,0.0,0.0,0.0,0.0,0.0,0.0,0.0,0.0,0.0,0.3873110929156553,0.0,0.0,0.0,0.0,0.0,0.0,0.0,0.1295969962997985,0.0,0.0,0.0,0.13113689607982723,0.0,0.0,0.0,0.0,0.0,0.0,0.0,0.0,0.0,0.0,0.40136738836673225,0.0,0.0,0.0,0.0,0.0,0.0,0.0,0.0,0.0,0.0,0.0,0.0,0.0,0.0,0.0,0.0,0.0,0.0,0.39047968718936577,0.0,0.0,0.0,0.0,0.0,0.0,0.1295969962997985,0.0,0.0
43,CERVEJARIA COLORADOCOLORADO INDICA,0.0,0.0,0.0,0.0,0.4288646287034703,0.0,0.0,0.0,0.0,0.0,0.0,0.0,0.0,0.278566704922635,0.16775006689028285,0.0,0.0,0.0,0.0,0.0,0.0,0.0,0.3771611496503304,0.0,0.0,0.0,0.0,0.0,0.0,0.0,0.0,0.0,0.0,0.3771611496503304,0.0,0.0,0.0,0.0,0.0,0.0,0.0,0.0,0.0,0.0,0.0,0.0,0.0,0.0,0.0,0.0,0.0,0.0,0.0,0.0,0.0,0.0,0.138475544625999,0.0,0.0,0.0,0.140120941253986,0.0,0.0,0.0,0.0,0.0,0.0,0.0,0.0,0.0,0.0,0.4288646287034703,0.0,0.0,0.0,0.0,0.0,0.0,0.0,0.0,0.0,0.0,0.0,0.0,0.0,0.0,0.0,0.0,0.0,0.0,0.0,0.0,0.0,0.0,0.4288646287034703,0.0,0.0,0.138475544625999,0.0,0.0
44,CERVEJARIA COLORADOCOLORADO ITHACA,0.0,0.0,0.0,0.0,0.0,0.0,0.0,0.0,0.0,0.0,0.4964888400558408,0.0,0.0,0.19343155009256818,0.3494475997308911,0.0,0.137318435503041,0.0,0.0,0.0,0.0,0.0,0.2618937027374462,0.0,0.0,0.0,0.0,0.0,0.0,0.0,0.0,0.0,0.0,0.0,0.0,0.0,0.0,0.0,0.0,0.0,0.0,0.0,0.0,0.0,0.0,0.0,0.21666261221053332,0.0,0.0,0.0,0.0,0.0,0.0,0.0,0.0,0.0,0.09615484827721463,0.0,0.0,0.0,0.09729738115944475,0.0,0.0,0.0,0.0,0.0,0.0,0.0,0.0,0.0,0.0,0.0,0.5237874054748924,0.0,0.0,0.0,0.0,0.0,0.0,0.0,0.0,0.0,0.0,0.0,0.0,0.2977956390481946,0.0,0.0,0.0,0.2618937027374462,0.0,0.0,0.0,0.0,0.0,0.0,0.0,0.09615484827721463,0.0,0.0
45,CERVEJARIA COLORADOCOLORADO MURICA,0.4548484887104565,0.0,0.0,0.0,0.26579383648357763,0.0,0.0,0.0,0.0,0.4548484887104565,0.22156750513792203,0.0,0.0,0.17264495195562102,0.0,0.0,0.1225618813926592,0.0,0.0,0.0,0.0,0.0,0.23375000461376796,0.0,0.0,0.0,0.0,0.0,0.0,0.0,0.0,0.0,0.0,0.0,0.0,0.0,0.0,0.0,0.2481588432420943,0.0,0.4034123454879166,0.0,0.0,0.0,0.0,0.0,0.0,0.0,0.0,0.0,0.0,0.0,0.0,0.0,0.0,0.0,0.08582182768620412,0.0,0.0,0.0,0.08684158136375021,0.0,0.0,0.0,0.0,0.0,0.0,0.0,0.0,0.0,0.0,0.0,0.23375000461376796,0.0,0.2564854651435655,0.0,0.0,0.0,0.0,0.0,0.0,0.0,0.0,0.0,0.0,0.0,0.0,0.0,0.0,0.0,0.0,0.0,0.0,0.0,0.0,0.0,0.0,0.08582182768620412,0.0,0.0
46,CERVEJARIA COLORADOCOLORADO NASSAU,0.0,0.0,0.18829377502947037,0.0,0.0,0.3080565708916503,0.0,0.0,0.0,0.0,0.0,0.0,0.0,0.35657568814551904,0.0,0.0,0.12656781070908704,0.0,0.0,0.0,0.2231787203325179,0.0,0.24139011249688275,0.0,0.0,0.0,0.0,0.0,0.0,0.0,0.0,0.0,0.0,0.0,0.0,0.0,0.0,0.26486868048247253,0.0,0.0,0.2082989294927779,0.21791154451129302,0.0,0.0,0.0,0.26486868048247253,0.0,0.0,0.0,0.0,0.0,0.0,0.0,0.0,0.0,0.0,0.17725382015792002,0.0,0.0,0.0,0.1793599887147823,0.0,0.0,0.0,0.0,0.0,0.21791154451129302,0.23485759506245416,0.0,0.0,0.0,0.0,0.0,0.0,0.0,0.0,0.0,0.0,0.0,0.0,0.26486868048247253,0.0,0.0,0.0,0.0,0.27448129550098765,0.0,0.0,0.0,0.0,0.13351778633871839,0.0,0.0,0.0,0.0,0.2231787203325179,0.0,0.08862691007896001,0.0,0.0
47,CERVEJARIA COLORADOCOLORADO RIBEIRAO,0.0,0.0,0.15650718540793454,0.0,0.0,0.0,0.0,0.0,0.0,0.19521038955827508,0.0,0.0,0.0,0.0,0.3569550564385785,0.0,0.1052014163199135,0.0,0.0,0.0,0.18550307017170428,0.0,0.20064012783364116,0.0,0.0,0.0,0.0,0.0,0.0,0.0,0.0,0.0,0.0,0.0,0.0,0.0,0.22015518929681688,0.0,0.0,0.0,0.0,0.0,0.0,0.0,0.0,0.0,0.1659880087085286,0.0,0.0,0.4260160089700348,0.4562901242939085,0.13848307439521554,0.0,0.20064012783364116,0.0,0.0,0.07366546369198444,0.0,0.0,0.0,0.07454077280078958,0.0,0.0,0.0,0.0,0.0,0.0,0.0,0.0,0.0,0.0,0.0,0.20064012783364116,0.0,0.0,0.0,0.19018323712167828,0.0,0.0,0.0,0.0,0.0,0.0,0.0,0.22015518929681688,0.0,0.0,0.16267830280836518,0.0,0.0,0.0,0.1770125639442748,0.0,0.0,0.0,0.0,0.0,0.07366546369198444,0.0,0.0
48,CERVEJARIA COLORADOCOLORADO ROSALIA,0.0,0.0,0.0,0.0,0.0,0.19993112649812436,0.0,0.0,0.0,0.0,0.0,0.0,0.0,0.23142041348584586,0.0,0.0,0.1642870002754745,0.0,0.0,0.0,0.0,0.0,0.3133281460435735,0.0,0.0,0.0,0.0,0.0,0.0,0.0,0.0,0.0,0.0,0.0,0.0,0.0,0.3438036949489905,0.0,0.0,0.0,0.5407505446328168,0.0,0.0,0.0,0.0,0.0,0.0,0.0,0.0,0.0,0.0,0.21626105120230033,0.0,0.0,0.0,0.0,0.11503911712609872,0.0,0.0,0.0,0.11640603701016282,0.0,0.0,0.0,0.0,0.0,0.0,0.0,0.0,0.0,0.0,0.0,0.0,0.0,0.0,0.0,0.0,0.0,0.0,0.0,0.0,0.0,0.0,0.0,0.0,0.0,0.0,0.0,0.0,0.0,0.17330817747513516,0.0,0.0,0.0,0.35628101977073867,0.0,0.0,0.11503911712609872,0.0,0.35628101977073867
49,CERVEJARIA COLORADOCOLORADO VIXNU,0.23769547007958253,0.0,0.19056900142738536,0.0,0.0,0.0,0.23769547007958253,0.0,0.0,0.0,0.0,0.0,0.0,0.0,0.21732091239980605,0.0,0.12809717844313215,0.0,0.0,0.0,0.0,0.0,0.0,0.0,0.0,0.0,0.0,0.0,0.26806919103424365,0.0,0.0,0.0,0.0,0.24430692244486227,0.0,0.0,0.0,0.0,0.25936651154351303,0.0,0.0,0.0,0.0,0.0,0.0,0.0,0.0,0.0,0.0,0.0,0.0,0.0,0.0,0.0,0.0,0.0,0.17939564651777423,0.0,0.0,0.0,0.1815272647226574,0.0,0.0,0.0,0.0,0.0,0.0,0.0,0.0,0.0,0.0,0.0,0.48861384488972454,0.2514939803408876,0.26806919103424365,0.0,0.0,0.0,0.0,0.0,0.0,0.0,0.0,0.0,0.0,0.0,0.2514939803408876,0.0,0.0,0.24430692244486227,0.13513113331219895,0.0,0.0,0.0,0.0,0.0,0.0,0.08969782325888712,0.0,0.0
50,CORONA,0.0,0.0,0.18212845740920852,0.0,0.0,0.0,0.0,0.0,0.0,0.0,0.0,0.0,0.0,0.0,0.3115432382103876,0.0,0.12242359110649759,0.0,0.0,0.0,0.0,0.0,0.0,0.0,0.0,0.0,0.0,0.0,0.25619606481804863,0.0,0.0,0.0,0.0,0.466972514795156,0.0,0.24035499133704055,0.0,0.0,0.0,0.0,0.0,0.0,0.0,0.18563750807364754,0.0,0.0,0.19316135483309216,0.0,0.0,0.0,0.0,0.1611536789901698,0.0,0.0,0.0,0.0,0.08572499231639111,0.0,0.0,0.0,0.08674359537494963,0.0,0.0,0.0,0.0,0.0,0.0,0.22716763468609946,0.25619606481804863,0.0,0.0,0.0,0.0,0.0,0.0,0.0,0.0,0.0,0.25619606481804863,0.0,0.25619606481804863,0.233486257397578,0.0,0.0,0.0,0.0,0.0,0.0,0.0,0.0,0.25829200629449484,0.0,0.0,0.0,0.0,0.0,0.15362983223072516,0.08572499231639111,0.0,0.0
51,CORONACORONITA,0.0,0.0,0.24316175881628657,0.0,0.0,0.0,0.0,0.0,0.0,0.0,0.0,0.0,0.0,0.0,0.13864829770552367,0.0,0.16344911804297052,0.0,0.0,0.0,0.0,0.32090066135284295,0.0,0.0,0.0,0.0,0.0,0.0,0.0,0.0,0.0,0.0,0.0,0.31173013715624154,0.0,0.32090066135284295,0.0,0.0,0.0,0.0,0.0,0.0,0.0,0.24784673195820103,0.0,0.0,0.25789190467374323,0.0,0.0,0.0,0.0,0.21515809544754674,0.0,0.31173013715624154,0.0,0.0,0.11445240465267552,0.0,0.0,0.0,0.11581235309114628,0.0,0.0,0.0,0.0,0.0,0.0,0.30329407266815583,0.0,0.0,0.0,0.0,0.0,0.0,0.0,0.0,0.0,0.0,0.0,0.0,0.34205025732468697,0.0,0.0,0.0,0.0,0.0,0.0,0.0,0.0,0.0,0.1724242862213502,0.0,0.0,0.0,0.0,0.0,0.20511292273200452,0.11445240465267552,0.0,0.0
52,FRANZISKANER DUNKEL,0.0,0.0,0.0,0.0,0.0,0.0,0.0,0.0,0.0,0.0,0.0,0.0,0.0,0.0,0.3039634712560371,0.0,0.11944505658386642,0.0,0.0,0.0,0.0,0.0,0.0,0.0,0.0,0.0,0.24996288037438213,0.0,0.0,0.0,0.0,0.0,0.5180690680932284,0.0,0.0,0.0,0.0,0.0,0.24184800964236955,0.0,0.0,0.0,0.0,0.0,0.0,0.0,0.18846178869058225,0.2590345340466142,0.0,0.0,0.0,0.0,0.0,0.0,0.0,0.0,0.08363932527494201,0.0,0.0,0.0,0.2538994379482541,0.0,0.0,0.0,0.0,0.0,0.0,0.0,0.24996288037438213,0.0,0.0,0.0,0.0,0.0,0.0,0.0,0.0,0.0,0.0,0.0,0.0,0.0,0.0,0.0,0.0,0.0,0.0,0.0,0.0,0.0,0.12600391406656292,0.0,0.0,0.2590345340466142,0.0,0.4212381446607197,0.0,0.08363932527494201,0.0,0.0
53,FRANZISKANER HELL,0.0,0.0,0.0,0.0,0.0,0.1555281198526792,0.0,0.0,0.0,0.0,0.0,0.0,0.0,0.0,0.10840858331205053,0.0,0.127800251599747,0.0,0.0,0.0,0.22535189990575996,0.0,0.0,0.0,0.0,0.0,0.2674478117059086,0.0,0.0,0.0,0.0,0.0,0.0,0.0,0.0,0.0,0.0,0.0,0.2587653048620823,0.0,0.21032721865057688,0.22003343550788984,0.0,0.0,0.0,0.0,0.20164471180675062,0.2771540285632215,0.0,0.0,0.0,0.0,0.0,0.0,0.0,0.0,0.08948990539650731,0.0,0.0,0.0,0.18110648794710674,0.0,0.0,0.0,0.0,0.0,0.22003343550788984,0.0,0.2674478117059086,0.0,0.0,0.0,0.0,0.0,0.0,0.0,0.2310374366091501,0.0,0.0,0.0,0.0,0.0,0.0,0.0,0.0,0.0,0.0,0.0,0.0,0.0,0.0,0.21503750614536615,0.0,0.2771540285632215,0.0,0.4507037998115199,0.0,0.08948990539650731,0.0,0.0
54,FRANZISKANER KRISTALL KLAR,0.0,0.25536022634521194,0.0,0.0,0.0,0.15348153381610888,0.0,0.0,0.0,0.0,0.0,0.0,0.0,0.17765497869337002,0.21396408136773745,0.0,0.12611853506744422,0.0,0.0,0.0,0.0,0.0,0.0,0.0,0.0,0.2405332540502471,0.0,0.0,0.0,0.0,0.0,0.0,0.0,0.2405332540502471,0.0,0.0,0.0,0.0,0.25536022634521194,0.0,0.20755953426521503,0.0,0.0,0.0,0.0,0.0,0.0,0.0,0.0,0.0,0.0,0.1660175602698087,0.0,0.0,0.0,0.27350697383527917,0.08831231261796683,0.0,0.0,0.0,0.17872331756148171,0.0,0.0,0.0,0.0,0.0,0.0,0.0,0.0,0.0,0.0,0.0,0.0,0.0,0.0,0.27350697383527917,0.0,0.0,0.0,0.0,0.0,0.2405332540502471,0.0,0.0,0.0,0.0,0.0,0.1950235078115152,0.0,0.2405332540502471,0.13304384048477663,0.0,0.0,0.0,0.0,0.44477301312035966,0.0,0.08831231261796683,0.0,0.0
55,GOOSE ISLANDGOOSE IPA,0.0,0.0,0.26130767254460585,0.0,0.0,0.21375519594094552,0.0,0.0,0.0,0.0,0.0,0.0,0.0,0.0,0.0,0.0,0.0,0.0,0.0,0.0,0.0,0.0,0.0,0.0,0.0,0.0,0.0,0.0,0.0,0.0,0.0,0.3675757120276715,0.0,0.0,0.0,0.0,0.0,0.0,0.0,0.0,0.28907014292305594,0.0,0.0,0.0,0.0,0.0,0.0,0.0,0.0,0.0,0.0,0.0,0.0,0.0,0.0,0.0,0.24598680008331075,0.0,0.0,0.0,0.24890966890090266,0.0,0.0,0.0,0.0,0.0,0.0,0.0,0.0,0.0,0.0,0.0,0.0,0.0,0.3675757120276715,0.0,0.0,0.0,0.0,0.0,0.0,0.0,0.0,0.0,0.0,0.0,0.0,0.0,0.0,0.33499295694702935,0.3705828510370867,0.0,0.0,0.3809157709710028,0.0,0.0,0.0,0.12299340004165538,0.0,0.0
56,GOOSE ISLAND HONKERS ALE,0.24523025216320954,0.0,0.0,0.0,0.0,0.16083105709271164,0.0,0.0,0.0,0.0,0.0,0.0,0.0,0.18616205683265727,0.2242098350898316,0.0,0.13215777044672958,0.0,0.0,0.0,0.0,0.0,0.0,0.0,0.24523025216320954,0.0,0.0,0.28660396225164453,0.0,0.0,0.0,0.27656679907490567,0.0,0.0,0.0,0.0,0.0,0.0,0.0,0.0,0.2174986037443534,0.0,0.0,0.0,0.0,0.0,0.0,0.0,0.0,0.0,0.0,0.0,0.0,0.0,0.0,0.0,0.1850823644969189,0.0,0.0,0.0,0.28092233028797703,0.0,0.0,0.0,0.0,0.0,0.0,0.0,0.5531335981498113,0.0,0.0,0.0,0.0,0.0,0.0,0.0,0.0,0.0,0.0,0.0,0.0,0.25205128299799895,0.0,0.0,0.0,0.0,0.0,0.0,0.0,0.0,0.0,0.0,0.0,0.0,0.0,0.23303557140679967,0.0,0.09254118224845945,0.0,0.0
57,GOOSE ISLAND MIDWAY,0.0,0.0,0.0,0.0,0.0,0.26378841080362453,0.0,0.0,0.0,0.0,0.0,0.0,0.0,0.0,0.36773964652110486,0.0,0.0,0.0,0.0,0.0,0.0,0.0,0.0,0.0,0.0,0.0,0.0,0.0,0.0,0.0,0.0,0.0,0.0,0.0,0.0,0.0,0.0,0.0,0.0,0.0,0.0,0.0,0.0,0.0,0.0,0.0,0.0,0.0,0.0,0.0,0.0,0.2853340548546915,0.0,0.0,0.0,0.0,0.30356439658464385,0.0,0.0,0.0,0.30717141496371075,0.0,0.0,0.0,0.0,0.0,0.0,0.0,0.0,0.0,0.0,0.47007589889060913,0.41340403144107546,0.0,0.0,0.0,0.0,0.0,0.0,0.0,0.0,0.0,0.0,0.0,0.0,0.0,0.0,0.3351865199404749,0.0,0.0,0.0,0.0,0.0,0.0,0.0,0.0,0.0,0.15178219829232192,0.0,0.0
58,GOOSE ISLAND SOFIE,0.288585856093885,0.0,0.0,0.0,0.0,0.0,0.0,0.0,0.0,0.288585856093885,0.0,0.0,0.0,0.21907466990449367,0.0,0.0,0.15552266895050865,0.0,0.0,0.0,0.0,0.0,0.0,0.0,0.0,0.0,0.0,0.0,0.0,0.0,0.0,0.0,0.0,0.0,0.0,0.0,0.0,0.0,0.0,0.0,0.0,0.0,0.0,0.0,0.0,0.0,0.0,0.0,0.0,0.0,0.6745485035120705,0.0,0.0,0.0,0.25595137715315475,0.0,0.10890204641366209,0.0,0.0,0.0,0.22039208856958872,0.0,0.0,0.0,0.0,0.0,0.0,0.0,0.0,0.0,0.0,0.0,0.0,0.0,0.0,0.0,0.0,0.0,0.0,0.0,0.0,0.0,0.0,0.0,0.0,0.0,0.30533861497164466,0.0,0.0,0.0,0.0,0.0,0.0,0.0,0.0,0.27423521071128354,0.0,0.10890204641366209,0.0,0.0
59,KONA BIG WAVE,0.0,0.0,0.0,0.0,0.0,0.0,0.0,0.0,0.0,0.0,0.0,0.0,0.0,0.0,0.0,0.0,0.0,0.0,0.0,0.0,0.0,0.0,0.0,0.0,0.0,0.0,0.0,0.0,0.0,0.0,0.0,0.0,0.0,0.0,0.0,0.0,0.0,0.0,0.0,0.0,0.0,0.0,0.0,0.0,0.0,0.0,0.0,0.0,0.0,0.0,0.0,0.0,0.0,0.0,0.0,0.0,0.0,0.0,0.0,0.0,0.0,0.0,0.0,0.0,0.0,0.0,0.0,0.0,0.0,0.0,0.0,0.0,0.0,0.0,0.0,0.0,0.0,0.0,0.0,0.0,0.0,0.0,0.0,0.0,0.0,0.0,0.0,0.0,0.0,0.0,0.0,0.0,0.0,0.0,0.0,0.0,0.0,0.0,0.0,0.0
60,KONA LONG BOARD,0.0,0.0,0.0,0.0,0.0,0.0,0.0,0.0,0.0,0.0,0.0,0.0,0.0,0.0,0.0,0.0,0.0,0.0,0.0,0.0,0.0,0.0,0.0,0.0,0.0,0.0,0.0,0.0,0.0,0.0,0.0,0.0,0.0,0.0,0.0,0.0,0.0,0.0,0.0,0.0,0.0,0.0,0.0,0.0,0.0,0.0,0.0,0.0,0.0,0.0,0.0,0.0,0.0,0.0,0.0,0.0,0.0,0.0,0.0,0.0,0.0,0.0,0.0,0.0,0.0,0.0,0.0,0.0,0.0,0.0,0.0,0.0,0.0,0.0,0.0,0.0,0.0,0.0,0.0,0.0,0.0,0.0,0.0,0.0,0.0,0.0,0.0,0.0,0.0,0.0,0.0,0.0,0.0,0.0,0.0,0.0,0.0,0.0,0.0,0.0
61,PATAGONIA AMBER LAGER,0.0,0.0,0.0,0.0,0.0,0.16730961767721558,0.0,0.0,0.0,0.0,0.0,0.0,0.0,0.0,0.11662070270024741,0.0,0.0,0.0,0.0,0.0,0.0,0.2699179235754276,0.0,0.0,0.0,0.2622043562714226,0.0,0.0,0.0,0.0,0.0,0.2877074008707158,0.0,0.0,0.25510856220177813,0.0,0.0,0.0,0.0,0.0,0.0,0.23670131167212946,0.0,0.0,0.0,0.0,0.0,0.0,0.0,0.5567343611639156,0.0,0.0,0.0,0.0,0.0,0.0,0.19253781080928956,0.0,0.0,0.0,0.1948255870770864,0.0,0.0,0.0,0.0,0.2622043562714226,0.23670131167212946,0.0,0.0,0.0,0.0,0.0,0.0,0.0,0.0,0.0,0.0,0.0,0.0,0.0,0.0,0.0,0.0,0.0,0.0,0.0,0.0,0.0,0.2699179235754276,0.0,0.14503056838411763,0.0,0.0,0.0,0.0,0.0,0.0,0.09626890540464478,0.0,0.0
62,PATAGONIA BOHEMIAN PILSENER,0.0,0.0,0.0,0.0,0.0,0.12135201189566748,0.0,0.0,0.0,0.0,0.0,0.21625156275916263,0.0,0.0,0.338346524194796,0.0,0.0,0.0,0.0,0.0,0.0,0.0,0.0,0.21625156275916263,0.1850338175700266,0.0,0.0,0.0,0.0,0.2086782123923847,0.0,0.0,0.0,0.0,0.0,0.19577525504703713,0.0,0.0,0.0,0.0,0.1641094302679425,0.17168278063472045,0.0,0.0,0.0,0.0,0.0,0.0,0.0,0.0,0.0,0.0,0.0,0.0,0.0,0.0,0.13965037415106432,0.0,0.0,0.0,0.07065486517987138,0.0,0.0,0.0,0.0,0.0,0.17168278063472045,0.0,0.0,0.0,0.0,0.0,0.0,0.0,0.0,0.0,0.3605374742817625,0.0,0.4173564247847694,0.2086782123923847,0.0,0.19018049651355257,0.0,0.0,0.0,0.0,0.0,0.0,0.0,0.0,0.3155781150681861,0.0,0.0,0.21625156275916263,0.0,0.0,0.12513540667698486,0.06982518707553216,0.0,0.0
63,PATAGONIA WEISSE,0.0,0.0,0.0,0.0,0.0,0.3128596366869649,0.0,0.0,0.0,0.0,0.0,0.18584058146473822,0.0,0.0,0.14538279860423767,0.0,0.08569412897138931,0.0,0.0,0.0,0.15110560842205759,0.16824381183718057,0.0,0.0,0.159012919070325,0.16343583188202288,0.0,0.0,0.1793322546908612,0.0,0.0,0.1793322546908612,0.0,0.0,0.0,0.0,0.0,0.0,0.0,0.0,0.0,0.14753940907318458,0.0,0.0,0.0,0.0,0.1352091856132193,0.0,0.0,0.0,0.37168116292947645,0.0,0.0,0.0,0.0,0.0,0.06000582470450243,0.0,0.0,0.0,0.0,0.0,0.0,0.0,0.0,0.16343583188202288,0.14753940907318458,0.31802583814065,0.0,0.0,0.0,0.0,0.0,0.0,0.0,0.0,0.30983588282768115,0.0,0.0,0.1793322546908612,0.0,0.0,0.0,0.0,0.0,0.0,0.0,0.13251319183112525,0.0,0.0,0.1807993728955773,0.14418947971260027,0.0,0.18584058146473822,0.0,0.30221121684411517,0.10753788986291163,0.06000582470450243,0.0,0.0
64,SKOL,0.0,0.0,0.13549653840639245,0.0,0.0,0.22167806122443037,0.0,0.0,0.0,0.0,0.1646516754214346,0.0,0.0,0.1282962525341936,0.2317761372490016,0.0,0.0,0.0,0.0,0.0,0.321199615295743,0.17881483090637992,0.0,0.0,0.0,0.0,0.0,0.0,0.0,0.0,0.0,0.0,0.0,0.0,0.0,0.0,0.0,0.0,0.0,0.0,0.0,0.0,0.0,0.0,0.0,0.0,0.14370458799290067,0.1975172328021201,0.0,0.0,0.0,0.35967633996199905,0.0,0.0,0.0,0.0,0.06377608353475409,0.0,0.0,0.0,0.06453388487128409,0.0,0.0,0.0,0.0,0.0,0.0,0.0,0.0,0.14083920074920023,0.0,0.1975172328021201,0.17370475812988573,0.0,0.0,0.0,0.0,0.0,0.3811999555697131,0.19059997778485654,0.0,0.0,0.0,0.0,0.0,0.0,0.0,0.0,0.0,0.0,0.2882389159452959,0.15324912786830724,0.3293033508428692,0.0,0.0,0.0,0.11429466190694039,0.06377608353475409,0.0,0.0
65,SKOL PURO MALTE,0.0,0.0,0.0,0.0,0.0,0.0,0.0,0.0,0.0,0.0,0.0,0.0,0.22618251342819018,0.0,0.0,0.0,0.0,0.0,0.0,0.0,0.0,0.0,0.0,0.0,0.0,0.0,0.0,0.0,0.0,0.0,0.0,0.0,0.0,0.0,0.0,0.0,0.0,0.0,0.0,0.0,0.0,0.0,0.0,0.0,0.0,0.0,0.0,0.0,0.0,0.0,0.0,0.14704822905458495,0.0,0.42609937140797327,0.0,0.0,0.07822166012488085,0.0,0.0,0.0,0.23745332086074003,0.0,0.0,0.0,0.0,0.21304968570398664,0.0,0.0,0.0,0.0,0.0,0.0,0.0,0.0,0.0,0.0,0.0,0.0,0.0,0.2337717504081662,0.0,0.0,0.6579516404840721,0.0,0.0,0.0,0.0,0.17273992824066073,0.0,0.21304968570398664,0.11784211921987209,0.18796076099619274,0.0,0.0,0.0,0.0,0.14018292912108546,0.07822166012488085,0.0,0.0
66,STELLA ARTOIS,0.0,0.18623026364961134,0.13683229638268526,0.0,0.1994644059349082,0.22386341770609597,0.0,0.0,0.0,0.0,0.0,0.0,0.0,0.0,0.15604069535399587,0.0,0.09197629706421696,0.0,0.0,0.0,0.0,0.0,0.0,0.0,0.0,0.0,0.0,0.3989288118698164,0.0,0.0,0.0,0.19247895892785633,0.0,0.0,0.0,0.0,0.0,0.0,0.0,0.0,0.0,0.1583554052124727,0.0,0.13946863047000238,0.0,0.0,0.0,0.0,0.0,0.18623026364961134,0.0,0.0,0.0,0.0,0.0,0.0,0.06440480374620892,0.0,0.0,0.0,0.13034015134687804,0.0,0.0,0.0,0.0,0.0,0.1583554052124727,0.0,0.0,0.0,0.0,0.0,0.17541718207016452,0.18057763119243786,0.0,0.0,0.0,0.0,0.0,0.0,0.19247895892785633,0.17541718207016452,0.0,0.0,0.0,0.0,0.3611552623848757,0.0,0.18057763119243786,0.17541718207016452,0.09702681519768853,0.0,0.3325497037215606,0.0,0.0,0.0,0.11542140660525871,0.06440480374620892,0.0,0.1994644059349082
67,STELLA ARTOIS SEM GLUTEN,0.0,0.0,0.0,0.0,0.0,0.0,0.0,0.0,0.0,0.0,0.0,0.0,0.0,0.21155300612516376,0.0,0.0,0.0,0.0,0.0,0.0,0.0,0.0,0.0,0.0,0.0,0.0,0.0,0.0,0.0,0.0,0.0,0.0,0.0,0.0,0.0,0.0,0.0,0.3142881999381018,0.0,0.0,0.0,0.0,0.0,0.22773057929245483,0.0,0.3142881999381018,0.0,0.0,0.3142881999381018,0.0,0.0,0.0,0.0,0.0,0.0,0.0,0.105163026387469,0.0,0.0,0.0,0.10641259640702869,0.0,0.0,0.0,0.0,0.2864289722790443,0.0,0.0,0.0,0.0,0.0,0.0,0.0,0.0,0.0,0.0,0.0,0.0,0.0,0.0,0.0,0.0,0.29485518299083097,0.0,0.3142881999381018,0.0,0.0,0.0,0.0,0.0,0.3168593935053242,0.25269883606272386,0.0,0.0,0.0,0.0,0.18846520325313618,0.105163026387469,0.0,0.32569434831836297
68,WALS 42,0.0,0.0,0.0,0.0,0.0,0.0,0.16087520613268388,0.0,0.0,0.0,0.0,0.0,0.0,0.12212546781180206,0.0,0.0,0.08669773967570543,0.0,0.0,0.0,0.0,0.0,0.0,0.18801706192020343,0.0,0.0,0.0,0.0,0.0,0.18143251258013834,0.0,0.0,0.0,0.0,0.0,0.0,0.9071625629006919,0.0,0.0,0.0,0.0,0.0,0.0,0.0,0.0,0.0,0.0,0.0,0.0,0.0,0.0,0.0,0.0,0.0,0.14268277425925655,0.0,0.060708585660446825,0.0,0.0,0.0,0.061429938318097274,0.0,0.0,0.0,0.0,0.0,0.0,0.0,0.0,0.0,0.0,0.0,0.0,0.0,0.0,0.0,0.0,0.0,0.0,0.0,0.0,0.0,0.0,0.0,0.0,0.0,0.170214206921669,0.0,0.0,0.0,0.0,0.0,0.0,0.0,0.0,0.0,0.0,0.060708585660446825,0.0,0.0
69,WALS ALAMBIQUE COUNTY,0.3698609201559377,0.0,0.0,0.0,0.0,0.0,0.0,0.0,0.0,0.0,0.0,0.0,0.4035816777871338,0.0,0.3381575282120806,0.0,0.19932285740444944,0.0,0.0,0.0,0.0,0.0,0.0,0.0,0.0,0.0,0.0,0.0,0.0,0.0,0.0,0.0,0.0,0.0,0.0,0.0,0.0,0.0,0.0,0.0,0.0,0.0,0.0,0.302244021893564,0.0,0.0,0.0,0.0,0.0,0.0,0.0,0.0,0.0,0.0,0.0,0.0,0.0,0.0,0.0,0.0,0.0,0.0,0.0,0.0,0.0,0.0,0.0,0.0,0.0,0.0,0.0,0.0,0.0,0.0,0.0,0.43226153487858293,0.0,0.0,0.0,0.0,0.0,0.38014852830669804,0.0,0.0,0.0,0.0,0.0,0.0,0.0,0.0,0.0,0.0,0.0,0.0,0.0,0.35146867121524883,0.0,0.0,0.0,0.0
70,WALS BELGIUM WITTE,0.0,0.0,0.0,0.0,0.0,0.0,0.0,0.0,0.0,0.0,0.0,0.0,0.0,0.22815389507781092,0.0,0.0,0.0,0.0,0.0,0.0,0.0,0.0,0.0,0.0,0.0,0.0,0.0,0.0,0.0,0.0,0.0,0.0,0.0,0.0,0.0,0.0,0.0,0.0,0.0,0.0,0.0,0.0,0.0,0.0,0.0,0.0,0.0,0.0,0.0,0.0,0.351252083507146,0.0,0.0,0.0,0.2665589028319894,0.0,0.11341533040790813,0.0,0.0,0.0,0.11476295610397755,0.0,0.0,0.0,0.0,0.0,0.0,0.0,0.0,0.0,0.0,0.0,0.0,0.3179929215632965,0.0,0.0,0.0,0.0,0.0,0.0,0.0,0.0,0.0,0.0,0.0,0.0,0.3179929215632965,0.25045947637489774,0.0,0.0,0.0,0.0,0.0,0.0,0.351252083507146,0.5712009655752552,0.0,0.11341533040790813,0.0,0.0
71,WALS BOHEMIAN PILSNER,0.0,0.0,0.15714119395887072,0.0,0.0,0.1285448160705602,0.0,0.0,0.0,0.0,0.1909536669154643,0.22906927479494238,0.0,0.29758142223832396,0.08960026917008655,0.0,0.0,0.0,0.0,0.0,0.0,0.0,0.0,0.0,0.0,0.0,0.0,0.0,0.0,0.22104703507490905,0.0,0.0,0.0,0.20145291835425458,0.1960011842805042,0.4147585813875885,0.0,0.0,0.21387089711138052,0.0,0.1738365619135668,0.0,0.0,0.0,0.0,0.0,0.0,0.0,0.0,0.21387089711138052,0.0,0.0,0.0,0.0,0.1738365619135668,0.0,0.14792776303426394,0.0,0.0,0.0,0.0748427364916317,0.0,0.0,0.0,0.0,0.0,0.0,0.0,0.0,0.0,0.0,0.22906927479494238,0.0,0.0,0.4420940701498181,0.0,0.0,0.0,0.0,0.0,0.0,0.20145291835425458,0.0,0.0,0.0,0.0,0.0,0.0,0.0,0.0,0.0,0.0,0.0,0.0,0.0,0.0,0.0,0.07396388151713197,0.0,0.0
72,WALS DUBBEL,0.2962036422261504,0.0,0.0,0.0,0.0,0.0,0.2962036422261504,0.0,0.0,0.0,0.0,0.0,0.32320895877804345,0.22485757279834215,0.0,0.0,0.1596279929148219,0.0,0.0,0.0,0.0,0.0,0.0,0.0,0.0,0.0,0.0,0.0,0.0,0.0,0.0,0.0,0.3461772629866392,0.0,0.2962036422261504,0.31339862282601233,0.3340537820362156,0.0,0.0,0.0,0.0,0.0,0.0,0.0,0.0,0.0,0.0,0.0,0.0,0.0,0.0,0.0,0.0,0.0,0.26270771260840736,0.0,0.111776728181418,0.0,0.0,0.0,0.11310488364839127,0.0,0.0,0.0,0.0,0.0,0.0,0.0,0.0,0.0,0.0,0.0,0.0,0.0,0.0,0.3461772629866392,0.0,0.0,0.0,0.0,0.0,0.0,0.0,0.0,0.0,0.0,0.0,0.0,0.0,0.0,0.0,0.0,0.0,0.0,0.0,0.0,0.0,0.111776728181418,0.0,0.0
73,WALS HOP CORN IPA,0.0,0.0,0.0,0.0,0.0,0.0,0.0,0.0,0.0,0.0,0.0,0.0,0.0,0.0,0.15846076778553417,0.0,0.0,0.0,0.0,0.0,0.0,0.0,0.0,0.0,0.0,0.0,0.0,0.0,0.0,0.0,0.0,0.0,0.0,0.0,0.0,0.0,0.0,0.0,0.0,0.0,0.0,0.0,0.0,0.0,0.0,0.0,0.0,0.0,0.0,0.0,0.0,0.0,0.0,0.0,0.0,0.0,0.2616146929504071,0.0,0.0,0.0,0.13236162790003947,0.0,0.0,0.0,0.0,0.0,0.0,0.0,0.0,0.5777338810606668,0.0,0.0,0.0,0.0,0.0,0.0,0.0,0.0,0.0,0.0,0.0,0.0,0.0,0.0,0.0,0.0,0.7335130113008426,0.0,0.0,0.0,0.0,0.0,0.0,0.0,0.0,0.0,0.0,0.13080734647520356,0.0,0.0
74,WALS LAGER,0.0,0.0,0.31639037512909546,0.2306057118348323,0.0,0.12940700510430753,0.0,0.0,0.0,0.0,0.0,0.0,0.0,0.0,0.1804024906531602,0.0,0.10633606210096129,0.0,0.0,0.0,0.18750380631485347,0.0,0.0,0.2306057118348323,0.0,0.0,0.22252966452205322,0.0,0.22252966452205322,0.0,0.0,0.22252966452205322,0.0,0.0,0.1973158236168379,0.0,0.0,0.0,0.0,0.0,0.0,0.0,0.0,0.0,0.0,0.0,0.0,0.0,0.0,0.0,0.0,0.1399766782040391,0.0,0.20280412412303556,0.17500253641123883,0.2306057118348323,0.14891995936682476,0.0,0.0,0.0,0.3767236470227079,0.0,0.0,0.0,0.0,0.0,0.0,0.0,0.0,0.0,0.0,0.0,0.0,0.20877024643769868,0.0,0.0,0.192234451023304,0.2306057118348323,0.0,0.0,0.0,0.0,0.0,0.0,0.0,0.0,0.0,0.0,0.0,0.0,0.11217509049224235,0.17892172606297724,0.0,0.0,0.0,0.0,0.13344153061508754,0.07445997968341238,0.0,0.0
75,WALS LAGOINHA,0.0,0.0,0.0,0.0,0.0,0.0,0.0,0.0,0.0,0.0,0.0,0.0,0.0,0.0,0.0,0.0,0.0,0.0,0.0,0.0,0.0,0.0,0.0,0.0,0.0,0.0,0.0,0.0,0.0,0.0,0.0,0.0,0.0,0.0,0.0,0.0,0.0,0.0,0.0,0.0,0.0,0.0,0.0,0.0,0.0,0.0,0.0,0.0,0.0,0.0,0.0,0.0,0.0,0.0,0.0,0.0,0.0,0.0,0.0,0.0,0.0,0.0,0.0,0.0,0.0,0.0,0.0,0.0,0.0,0.0,0.0,0.0,0.0,0.0,0.0,0.0,0.0,0.0,0.0,0.0,0.0,0.0,0.0,0.0,0.0,0.0,0.0,0.0,0.0,0.0,0.0,0.0,0.0,0.0,0.0,0.0,0.0,0.0,0.0,0.0
76,WALS NIOBIUM,0.0,0.0,0.0,0.0,0.0,0.2557578864382859,0.38997176364907826,0.0,0.0,0.0,0.0,0.0,0.0,0.0,0.0,0.0,0.21016085236800602,0.0,0.0,0.0,0.0,0.0,0.0,0.4557653537529392,0.0,0.0,0.43980398605242643,0.0,0.0,0.0,0.0,0.0,0.0,0.0,0.38997176364907826,0.0,0.0,0.0,0.0,0.0,0.0,0.0,0.0,0.0,0.0,0.0,0.0,0.0,0.0,0.0,0.0,0.0,0.0,0.0,0.3458721480943056,0.0,0.14716148490351977,0.0,0.0,0.0,0.14891008976861556,0.0,0.0,0.0,0.0,0.0,0.0,0.0,0.0,0.0,0.0,0.0,0.0,0.0,0.0,0.0,0.0,0.0,0.0,0.0,0.0,0.0,0.0,0.0,0.0,0.0,0.0,0.0,0.0,0.0,0.0,0.0,0.0,0.0,0.0,0.0,0.0,0.14716148490351977,0.0,0.0
77,WALS PETROLEUM,0.0,0.3100471841927555,0.0,0.0,0.0,0.0,0.2841415831017339,0.0,0.0,0.0,0.0,0.0,0.0,0.21570088141776958,0.0,0.0,0.30625518493482934,0.0,0.0,0.0,0.0,0.0,0.0,0.0,0.0,0.0,0.0,0.0,0.0,0.0,0.0,0.0,0.33208016889862846,0.0,0.0,0.0,0.6409007651325359,0.0,0.0,0.0,0.25200968088230363,0.0,0.0,0.0,0.0,0.0,0.0,0.0,0.0,0.0,0.0,0.0,0.0,0.0,0.25200968088230363,0.0,0.1072249357256429,0.0,0.0,0.0,0.10849900580173899,0.0,0.0,0.0,0.0,0.0,0.0,0.0,0.0,0.0,0.0,0.0,0.0,0.0,0.0,0.0,0.0,0.0,0.0,0.0,0.0,0.0,0.0,0.0,0.0,0.0,0.0,0.0,0.0,0.0,0.0,0.0,0.0,0.0,0.0,0.0,0.0,0.1072249357256429,0.0,0.0
78,WALS QUADRUPPEL,0.0,0.0,0.0,0.0,0.26814680922223516,0.15047361677918428,0.22943754554444035,0.0,0.0,0.0,0.0,0.0,0.0,0.0,0.0,0.0,0.12364687557285087,0.0,0.0,0.0,0.0,0.0,0.0,0.0,0.0,0.0,0.0,0.0,0.0,0.0,0.0,0.0,0.0,0.2358193053763206,0.22943754554444035,0.0,0.5175120687524091,0.0,0.0,0.0,0.20349180153040608,0.0,0.0,0.0,0.0,0.0,0.0,0.0,0.0,0.0,0.26814680922223516,0.0,0.0,0.0,0.40698360306081216,0.0,0.17316315201385785,0.0,0.0,0.0,0.26283107153925495,0.0,0.0,0.0,0.0,0.0,0.0,0.0,0.0,0.0,0.0,0.0,0.0,0.24275667327314146,0.0,0.0,0.0,0.0,0.0,0.0,0.0,0.0,0.0,0.0,0.0,0.0,0.0,0.0,0.0,0.0,0.13043645948914812,0.0,0.0,0.0,0.0,0.0,0.0,0.08658157600692892,0.0,0.0
79,WALS SESSION CITRA,0.0,0.0,0.0,0.0,0.0,0.0,0.0,0.0,0.0,0.0,0.0,0.0,0.0,0.0,0.20500138290976738,0.0,0.24167116213252907,0.0,0.0,0.0,0.0,0.0,0.0,0.0,0.0,0.0,0.0,0.0,0.0,0.0,0.0,0.0,0.0,0.0,0.0,0.4744744828653667,0.0,0.0,0.0,0.0,0.0,0.0,0.0,0.0,0.0,0.0,0.0,0.0,0.0,0.0,0.0,0.0,0.0,0.0,0.3977302291906293,0.0,0.3384520635223353,0.0,0.0,0.0,0.3424736247702723,0.0,0.0,0.0,0.0,0.0,0.0,0.0,0.0,0.0,0.0,0.0,0.0,0.0,0.0,0.0,0.0,0.0,0.0,0.0,0.0,0.0,0.0,0.0,0.5057456668175815,0.0,0.0,0.0,0.0,0.0,0.0,0.0,0.0,0.0,0.0,0.0,0.0,0.16922603176116766,0.0,0.0
80,WALS SESSION FREE,0.0,0.0,0.0,0.0,0.0,0.0,0.0,0.0,0.0,0.0,0.0,0.0,0.0,0.0,0.0,0.0,0.0,0.0,0.0,0.0,0.0,0.0,0.0,0.0,0.0,0.0,0.0,0.0,0.0,0.0,0.0,0.0,0.0,0.0,0.0,0.0,0.0,0.0,0.0,0.0,0.0,0.0,0.0,0.0,0.0,0.0,0.0,0.0,0.0,0.0,0.0,0.0,0.0,0.0,0.0,0.0,0.0,0.0,0.0,0.0,0.0,0.0,0.0,0.0,0.0,0.0,0.0,0.0,0.0,0.0,0.0,0.0,0.0,0.0,0.0,0.0,0.0,0.0,0.0,0.0,0.0,0.0,0.0,0.0,0.0,0.0,0.0,0.0,0.0,0.0,0.0,0.0,0.0,0.0,0.0,0.0,0.0,0.0,0.0,0.0
81,WALS TRIPPEL,0.20767371116435235,0.0,0.0,0.0,0.0,0.13620009033265648,0.20767371116435235,0.0,0.0,0.0,0.20232559723732535,0.0,0.0,0.3153033924598891,0.09493626524851378,0.0,0.11191806233438445,0.0,0.0,0.0,0.0,0.0,0.0,0.0,0.0,0.21345011425871624,0.0,0.0,0.23421112624598187,0.0,0.0,0.0,0.0,0.0,0.20767371116435235,0.21972942191704445,0.46842225249196373,0.0,0.0,0.0,0.18418911131157406,0.0,0.0,0.0,0.0,0.0,0.0,0.0,0.0,0.0,0.48542223441171695,0.0,0.0,0.0,0.18418911131157406,0.0,0.07836867834839457,0.0,0.0,0.0,0.07929987207969574,0.0,0.0,0.0,0.0,0.0,0.0,0.0,0.0,0.0,0.0,0.0,0.0,0.0,0.0,0.0,0.0,0.0,0.0,0.0,0.0,0.0,0.0,0.0,0.0,0.0,0.0,0.0,0.0,0.0,0.0,0.0,0.0,0.0,0.0,0.0,0.0,0.07836867834839457,0.0,0.0
82,WALS VERANO,0.3051639875742141,0.0,0.0,0.0,0.0,0.20013781446313392,0.0,0.0,0.0,0.0,0.2973052568623564,0.0,0.0,0.0,0.13950311335127097,0.0,0.16445683949140458,0.0,0.0,0.0,0.0,0.0,0.0,0.0,0.0,0.0,0.0,0.0,0.0,0.0,0.0,0.0,0.0,0.0,0.0,0.0,0.0,0.0,0.0,0.0,0.0,0.0,0.0,0.0,0.0,0.0,0.0,0.0,0.0,0.0,0.0,0.21648462097538543,0.0,0.0,0.2706547851456652,0.0,0.23031608817151214,0.0,0.0,0.0,0.11652637708589728,0.0,0.0,0.0,0.0,0.3136520633746079,0.0,0.3051639875742141,0.0,0.0,0.0,0.0,0.0,0.0,0.34415911777542285,0.3566493416035506,0.0,0.0,0.0,0.0,0.0,0.0,0.0,0.0,0.0,0.0,0.0,0.2543079786334137,0.0,0.0,0.17348734274644267,0.0,0.0,0.0,0.0,0.0,0.0,0.11515804408575607,0.0,0.0
83,WALSX WALS,0.0,0.0,0.0,0.0,0.0,0.17291933634178328,0.0,0.0,0.0,0.0,0.0,0.0,0.0,0.20015424819951164,0.0,0.0,0.28418185356929826,0.0,0.0,0.0,0.25055083937216843,0.0,0.0,0.30814550274895725,0.2636620887876513,0.0,0.0,0.0,0.0,0.0,0.0,0.0,0.0,0.0,0.0,0.0,0.0,0.0,0.0,0.0,0.0,0.0,0.0,0.21546015216324915,0.0,0.0,0.0,0.0,0.0,0.0,0.0,0.0,0.0,0.0,0.23384609225727981,0.0,0.19899340473106658,0.0,0.0,0.0,0.20135788777405056,0.0,0.0,0.0,0.0,0.0,0.0,0.2636620887876513,0.0,0.0,0.0,0.0,0.0,0.0,0.0,0.0,0.0,0.0,0.2973539328454195,0.0,0.0,0.27099579750311853,0.0,0.0,0.0,0.0,0.0,0.2197224298150343,0.0,0.0,0.1498932935381901,0.0,0.25687213506087303,0.0,0.0,0.25055083937216843,0.0,0.09949670236553329,0.0,0.0
